Timestamp,Sender,retr,retr.total,cwnd,ssthresh
1623532528.948345,172.10.0.2:57436,,,15,28997
1623532528.985028,172.10.0.2:57436,,,20,37685
1623532529.022751,172.10.0.2:57436,,,20,37685
1623532529.058476,172.10.0.2:57436,,,27,63749
1623532529.095393,172.10.0.2:57436,,,27,63749
1623532529.132738,172.10.0.2:57436,,,30,72437
1623532529.170580,172.10.0.2:57436,,,36,89813
1623532529.206731,172.10.0.2:57436,,,36,89813
1623532529.243210,172.10.0.2:57436,,,2,1
1623532529.280592,172.10.0.2:57436,,,2,1
1623532529.315901,172.10.0.2:57436,,,2,1
1623532529.354004,172.10.0.2:57436,,,2,1
1623532529.390396,172.10.0.2:57436,,,2,1
1623532529.427098,172.10.0.2:57436,,,2,1
1623532529.463832,172.10.0.2:57436,,,2,1
1623532529.502584,172.10.0.2:57436,,,2,1
1623532529.538113,172.10.0.2:57436,,,2,1
1623532529.574799,172.10.0.2:57436,,,2,1
1623532529.611842,172.10.0.2:57436,,,2,1
1623532529.647557,172.10.0.2:57436,,,2,1
1623532529.684870,172.10.0.2:57436,,,2,1
1623532529.722462,172.10.0.2:57436,,,3,1
1623532529.758327,172.10.0.2:57436,,,4,3
1623532529.795579,172.10.0.2:57436,,,5,3
1623532529.832872,172.10.0.2:57436,,,5,3
1623532529.870583,172.10.0.2:57436,,,5,3
1623532529.912722,172.10.0.2:57436,,,6,3
1623532529.949842,172.10.0.2:57436,,,6,3
1623532529.986139,172.10.0.2:57436,,,6,3
1623532530.023346,172.10.0.2:57436,,,5,3
1623532530.059641,172.10.0.2:57436,,,5,3
1623532530.095831,172.10.0.2:57436,,,4,3
1623532530.138105,172.10.0.2:57436,,,5,3
1623532530.175192,172.10.0.2:57436,,,5,3
1623532530.211970,172.10.0.2:57436,,,5,3
1623532530.249701,172.10.0.2:57436,,,5,3
1623532530.285265,172.10.0.2:57436,,,6,3
1623532530.323052,172.10.0.2:57436,,,6,3
1623532530.359307,172.10.0.2:57436,,,6,3
1623532530.397257,172.10.0.2:57436,,,6,3
1623532530.433195,172.10.0.2:57436,,,5,3
1623532530.469755,172.10.0.2:57436,,,5,3
1623532530.506761,172.10.0.2:57436,,,4,3
1623532530.545033,172.10.0.2:57436,,,4,3
1623532530.580664,172.10.0.2:57436,,,5,3
1623532530.616193,172.10.0.2:57436,,,5,3
1623532530.651369,172.10.0.2:57436,,,5,3
1623532530.690313,172.10.0.2:57436,,,6,3
1623532530.726287,172.10.0.2:57436,,,6,3
1623532530.762534,172.10.0.2:57436,,,6,3
1623532530.798467,172.10.0.2:57436,,,5,3
1623532530.835693,172.10.0.2:57436,,,5,3
1623532530.873780,172.10.0.2:57436,,,4,3
1623532530.914959,172.10.0.2:57436,,,5,3
1623532530.950896,172.10.0.2:57436,,,5,3
1623532530.986393,172.10.0.2:57436,,,5,3
1623532531.023628,172.10.0.2:57436,,,6,3
1623532531.062714,172.10.0.2:57436,,,6,3
1623532531.099228,172.10.0.2:57436,,,6,3
1623532531.135533,172.10.0.2:57436,,,5,3
1623532531.172503,172.10.0.2:57436,,,5,3
1623532531.209418,172.10.0.2:57436,,,4,3
1623532531.247734,172.10.0.2:57436,,,5,3
1623532531.283701,172.10.0.2:57436,,,5,3
1623532531.319727,172.10.0.2:57436,,,5,3
1623532531.356904,172.10.0.2:57436,,,6,3
1623532531.393326,172.10.0.2:57436,,,6,3
1623532531.431249,172.10.0.2:57436,,,6,3
1623532531.467175,172.10.0.2:57436,,,6,3
1623532531.503288,172.10.0.2:57436,,,5,3
1623532531.539497,172.10.0.2:57436,,,5,3
1623532531.576927,172.10.0.2:57436,,,4,3
1623532531.613297,172.10.0.2:57436,,,5,3
1623532531.648949,172.10.0.2:57436,,,5,3
1623532531.686289,172.10.0.2:57436,,,5,3
1623532531.723092,172.10.0.2:57436,,,5,3
1623532531.760922,172.10.0.2:57436,,,5,3
1623532531.797800,172.10.0.2:57436,,,6,3
1623532531.834577,172.10.0.2:57436,,,6,3
1623532531.871164,172.10.0.2:57436,,,6,3
1623532531.911676,172.10.0.2:57436,,,5,3
1623532531.948963,172.10.0.2:57436,,,5,3
1623532531.986807,172.10.0.2:57436,,,4,3
1623532532.022796,172.10.0.2:57436,,,5,3
1623532532.059487,172.10.0.2:57436,,,5,3
1623532532.095367,172.10.0.2:57436,,,5,3
1623532532.131211,172.10.0.2:57436,,,6,3
1623532532.168794,172.10.0.2:57436,,,6,3
1623532532.204963,172.10.0.2:57436,,,6,3
1623532532.241348,172.10.0.2:57436,,,6,3
1623532532.279952,172.10.0.2:57436,,,5,3
1623532532.318874,172.10.0.2:57436,,,5,3
1623532532.355212,172.10.0.2:57436,,,4,3
1623532532.390969,172.10.0.2:57436,,,5,3
1623532532.428311,172.10.0.2:57436,,,5,3
1623532532.467063,172.10.0.2:57436,,,5,3
1623532532.502742,172.10.0.2:57436,,,5,3
1623532532.540834,172.10.0.2:57436,,,6,3
1623532532.579696,172.10.0.2:57436,,,6,3
1623532532.615456,172.10.0.2:57436,,,6,3
1623532532.651685,172.10.0.2:57436,,,6,3
1623532532.689637,172.10.0.2:57436,,,5,3
1623532532.725931,172.10.0.2:57436,,,5,3
1623532532.764526,172.10.0.2:57436,,,4,3
1623532532.800772,172.10.0.2:57436,,,4,3
1623532532.838374,172.10.0.2:57436,,,5,3
1623532532.874335,172.10.0.2:57436,,,5,3
1623532532.916011,172.10.0.2:57436,,,5,3
1623532532.951622,172.10.0.2:57436,,,6,3
1623532532.989494,172.10.0.2:57436,,,6,3
1623532533.025162,172.10.0.2:57436,,,6,3
1623532533.061545,172.10.0.2:57436,,,5,3
1623532533.098929,172.10.0.2:57436,,,5,3
1623532533.137232,172.10.0.2:57436,,,4,3
1623532533.174156,172.10.0.2:57436,,,5,3
1623532533.211811,172.10.0.2:57436,,,5,3
1623532533.247988,172.10.0.2:57436,,,5,3
1623532533.285700,172.10.0.2:57436,,,5,3
1623532533.321282,172.10.0.2:57436,,,5,3
1623532533.359007,172.10.0.2:57436,,,6,3
1623532533.395508,172.10.0.2:57436,,,6,3
1623532533.432933,172.10.0.2:57436,,,6,3
1623532533.470405,172.10.0.2:57436,,,5,3
1623532533.509456,172.10.0.2:57436,,,5,3
1623532533.545717,172.10.0.2:57436,,,4,3
1623532533.583407,172.10.0.2:57436,,,4,3
1623532533.620583,172.10.0.2:57436,,,5,3
1623532533.659564,172.10.0.2:57436,,,5,3
1623532533.696645,172.10.0.2:57436,,,5,3
1623532533.733297,172.10.0.2:57436,,,6,3
1623532533.771238,172.10.0.2:57436,,,6,3
1623532533.807773,172.10.0.2:57436,,,6,3
1623532533.844682,172.10.0.2:57436,,,5,3
1623532533.882620,172.10.0.2:57436,,,5,3
1623532533.924296,172.10.0.2:57436,,,4,3
1623532533.962032,172.10.0.2:57436,,,5,3
1623532533.999947,172.10.0.2:57436,,,5,3
1623532534.036470,172.10.0.2:57436,,,5,3
1623532534.073247,172.10.0.2:57436,,,5,3
1623532534.110775,172.10.0.2:57436,,,5,3
1623532534.146983,172.10.0.2:57436,,,6,3
1623532534.184085,172.10.0.2:57436,,,6,3
1623532534.221457,172.10.0.2:57436,,,6,3
1623532534.257395,172.10.0.2:57436,,,5,3
1623532534.295979,172.10.0.2:57436,,,5,3
1623532534.333195,172.10.0.2:57436,,,4,3
1623532534.369624,172.10.0.2:57436,,,4,3
1623532534.405281,172.10.0.2:57436,,,5,3
1623532534.441877,172.10.0.2:57436,,,5,3
1623532534.481086,172.10.0.2:57436,,,5,3
1623532534.517934,172.10.0.2:57436,,,6,3
1623532534.554497,172.10.0.2:57436,,,6,3
1623532534.590525,172.10.0.2:57436,,,6,3
1623532534.627760,172.10.0.2:57436,,,5,3
1623532534.666047,172.10.0.2:57436,,,5,3
1623532534.702731,172.10.0.2:57436,,,4,3
1623532534.739343,172.10.0.2:57436,,,4,3
1623532534.775342,172.10.0.2:57436,,,5,3
1623532534.813641,172.10.0.2:57436,,,5,3
1623532534.851565,172.10.0.2:57436,,,5,3
1623532534.887925,172.10.0.2:57436,,,5,3
1623532534.928563,172.10.0.2:57436,,,6,3
1623532534.966550,172.10.0.2:57436,,,6,3
1623532535.004544,172.10.0.2:57436,,,6,3
1623532535.040698,172.10.0.2:57436,,,5,3
1623532535.077323,172.10.0.2:57436,,,5,3
1623532535.113802,172.10.0.2:57436,,,5,3
1623532535.153843,172.10.0.2:57436,,,4,3
1623532535.190141,172.10.0.2:57436,,,5,3
1623532535.227635,172.10.0.2:57436,,,5,3
1623532535.264110,172.10.0.2:57436,,,5,3
1623532535.300039,172.10.0.2:57436,,,6,3
1623532535.340666,172.10.0.2:57436,,,6,3
1623532535.378031,172.10.0.2:57436,,,6,3
1623532535.414100,172.10.0.2:57436,,,5,3
1623532535.450248,172.10.0.2:57436,,,5,3
1623532535.486182,172.10.0.2:57436,,,4,3
1623532535.525940,172.10.0.2:57436,,,4,3
1623532535.562438,172.10.0.2:57436,,,5,3
1623532535.599119,172.10.0.2:57436,,,5,3
1623532535.634656,172.10.0.2:57436,,,5,3
1623532535.672159,172.10.0.2:57436,,,6,3
1623532535.710029,172.10.0.2:57436,,,6,3
1623532535.747261,172.10.0.2:57436,,,6,3
1623532535.783459,172.10.0.2:57436,,,5,3
1623532535.819177,172.10.0.2:57436,,,5,3
1623532535.857091,172.10.0.2:57436,,,4,3
1623532535.894578,172.10.0.2:57436,,,4,3
1623532535.934613,172.10.0.2:57436,,,5,3
1623532535.970686,172.10.0.2:57436,,,5,3
1623532536.007036,172.10.0.2:57436,,,5,3
1623532536.043781,172.10.0.2:57436,,,5,3
1623532536.098813,172.10.0.2:57436,,,6,3
1623532536.134417,172.10.0.2:57436,,,6,3
1623532536.170514,172.10.0.2:57436,,,6,3
1623532536.207871,172.10.0.2:57436,,,5,3
1623532536.245449,172.10.0.2:57436,,,5,3
1623532536.281166,172.10.0.2:57436,,,4,3
1623532536.316595,172.10.0.2:57436,,,4,3
1623532536.352026,172.10.0.2:57436,,,5,3
1623532536.388634,172.10.0.2:57436,,,5,3
1623532536.427283,172.10.0.2:57436,,,6,3
1623532536.463686,172.10.0.2:57436,,,6,3
1623532536.499835,172.10.0.2:57436,,,6,3
1623532536.535648,172.10.0.2:57436,,,6,3
1623532536.572577,172.10.0.2:57436,,,5,3
1623532536.610621,172.10.0.2:57436,,,5,3
1623532536.646835,172.10.0.2:57436,,,4,3
1623532536.682892,172.10.0.2:57436,,,5,3
1623532536.720429,172.10.0.2:57436,,,5,3
1623532536.756408,172.10.0.2:57436,,,5,3
1623532536.793909,172.10.0.2:57436,,,5,3
1623532536.830991,172.10.0.2:57436,,,5,3
1623532536.867155,172.10.0.2:57436,,,6,3
1623532536.907564,172.10.0.2:57436,,,6,3
1623532536.944665,172.10.0.2:57436,,,6,3
1623532536.980877,172.10.0.2:57436,,,5,3
1623532537.017140,172.10.0.2:57436,,,5,3
1623532537.052545,172.10.0.2:57436,,,5,3
1623532537.090145,172.10.0.2:57436,,,4,3
1623532537.126774,172.10.0.2:57436,,,5,3
1623532537.163080,172.10.0.2:57436,,,5,3
1623532537.200175,172.10.0.2:57436,,,5,3
1623532537.237733,172.10.0.2:57436,,,6,3
1623532537.274815,172.10.0.2:57436,,,6,3
1623532537.313844,172.10.0.2:57436,,,6,3
1623532537.351495,172.10.0.2:57436,,,5,3
1623532537.387156,172.10.0.2:57436,,,5,3
1623532537.426477,172.10.0.2:57436,,,4,3
1623532537.462592,172.10.0.2:57436,,,4,3
1623532537.500730,172.10.0.2:57436,,,5,3
1623532537.538202,172.10.0.2:57436,,,5,3
1623532537.574345,172.10.0.2:57436,,,5,3
1623532537.611754,172.10.0.2:57436,,,5,3
1623532537.649338,172.10.0.2:57436,,,6,3
1623532537.686351,172.10.0.2:57436,,,6,3
1623532537.722786,172.10.0.2:57436,,,6,3
1623532537.761670,172.10.0.2:57436,,,5,3
1623532537.798451,172.10.0.2:57436,,,5,3
1623532537.834926,172.10.0.2:57436,,,5,3
1623532537.871335,172.10.0.2:57436,,,4,3
1623532537.911652,172.10.0.2:57436,,,5,3
1623532537.947700,172.10.0.2:57436,,,5,3
1623532537.986762,172.10.0.2:57436,,,5,3
1623532538.022281,172.10.0.2:57436,,,6,3
1623532538.058486,172.10.0.2:57436,,,6,3
1623532538.093810,172.10.0.2:57436,,,6,3
1623532538.133190,172.10.0.2:57436,,,5,3
1623532538.168537,172.10.0.2:57436,,,5,3
1623532538.204485,172.10.0.2:57436,,,5,3
1623532538.239880,172.10.0.2:57436,,,4,3
1623532538.280585,172.10.0.2:57436,,,5,3
1623532538.317513,172.10.0.2:57436,,,5,3
1623532538.353723,172.10.0.2:57436,,,5,3
1623532538.389502,172.10.0.2:57436,,,6,3
1623532538.424369,172.10.0.2:57436,,,6,3
1623532538.463186,172.10.0.2:57436,,,6,3
1623532538.498987,172.10.0.2:57436,,,5,3
1623532538.535261,172.10.0.2:57436,,,5,3
1623532538.571619,172.10.0.2:57436,,,4,3
1623532538.608149,172.10.0.2:57436,,,4,3
1623532538.643525,172.10.0.2:57436,,,5,3
1623532538.681694,172.10.0.2:57436,,,5,3
1623532538.718721,172.10.0.2:57436,,,5,3
1623532538.755022,172.10.0.2:57436,,,5,3
1623532538.792794,172.10.0.2:57436,,,6,3
1623532538.829812,172.10.0.2:57436,,,6,3
1623532538.866647,172.10.0.2:57436,,,6,3
1623532538.902186,172.10.0.2:57436,,,6,3
1623532538.939444,172.10.0.2:57436,,,5,3
1623532538.976444,172.10.0.2:57436,,,5,3
1623532539.014905,172.10.0.2:57436,,,4,3
1623532539.051666,172.10.0.2:57436,,,5,3
1623532539.088288,172.10.0.2:57436,,,5,3
1623532539.126982,172.10.0.2:57436,,,5,3
1623532539.163309,172.10.0.2:57436,,,6,3
1623532539.200492,172.10.0.2:57436,,,6,3
1623532539.236645,172.10.0.2:57436,,,6,3
1623532539.272720,172.10.0.2:57436,,,5,3
1623532539.310598,172.10.0.2:57436,,,5,3
1623532539.348671,172.10.0.2:57436,,,5,3
1623532539.386000,172.10.0.2:57436,,,4,3
1623532539.422049,172.10.0.2:57436,,,5,3
1623532539.459664,172.10.0.2:57436,,,5,3
1623532539.497188,172.10.0.2:57436,,,5,3
1623532539.534050,172.10.0.2:57436,,,5,3
1623532539.570704,172.10.0.2:57436,,,6,3
1623532539.608759,172.10.0.2:57436,,,6,3
1623532539.646178,172.10.0.2:57436,,,6,3
1623532539.682679,172.10.0.2:57436,,,6,3
1623532539.719195,172.10.0.2:57436,,,5,3
1623532539.756043,172.10.0.2:57436,,,5,3
1623532539.793199,172.10.0.2:57436,,,4,3
1623532539.830350,172.10.0.2:57436,,,4,3
1623532539.866358,172.10.0.2:57436,,,5,3
1623532539.905346,172.10.0.2:57436,,,5,3
1623532539.942149,172.10.0.2:57436,,,6,3
1623532539.977395,172.10.0.2:57436,,,6,3
1623532540.015372,172.10.0.2:57436,,,6,3
1623532540.052831,172.10.0.2:57436,,,6,3
1623532540.088688,172.10.0.2:57436,,,5,3
1623532540.125104,172.10.0.2:57436,,,5,3
1623532540.163862,172.10.0.2:57436,,,4,3
1623532540.200218,172.10.0.2:57436,,,5,3
1623532540.236221,172.10.0.2:57436,,,5,3
1623532540.272045,172.10.0.2:57436,,,5,3
1623532540.307924,172.10.0.2:57436,,,5,3
1623532540.344703,172.10.0.2:57436,,,5,3
1623532540.382277,172.10.0.2:57436,,,6,3
1623532540.419087,172.10.0.2:57436,,,6,3
1623532540.454740,172.10.0.2:57436,,,6,3
1623532540.490749,172.10.0.2:57436,,,5,3
1623532540.526928,172.10.0.2:57436,,,5,3
1623532540.566357,172.10.0.2:57436,,,5,3
1623532540.602775,172.10.0.2:57436,,,4,3
1623532540.638720,172.10.0.2:57436,,,5,3
1623532540.675597,172.10.0.2:57436,,,5,3
1623532540.714390,172.10.0.2:57436,,,5,3
1623532540.750655,172.10.0.2:57436,,,6,3
1623532540.787484,172.10.0.2:57436,,,6,3
1623532540.823297,172.10.0.2:57436,,,6,3
1623532540.860896,172.10.0.2:57436,,,5,3
1623532540.897243,172.10.0.2:57436,,,5,3
1623532540.935595,172.10.0.2:57436,,,4,3
1623532540.972368,172.10.0.2:57436,,,4,3
1623532541.009609,172.10.0.2:57436,,,5,3
1623532541.048038,172.10.0.2:57436,,,5,3
1623532541.084806,172.10.0.2:57436,,,5,3
1623532541.121329,172.10.0.2:57436,,,6,3
1623532541.157636,172.10.0.2:57436,,,6,3
1623532541.196410,172.10.0.2:57436,,,6,3
1623532541.232637,172.10.0.2:57436,,,5,3
1623532541.268746,172.10.0.2:57436,,,5,3
1623532541.307108,172.10.0.2:57436,,,4,3
1623532541.344072,172.10.0.2:57436,,,5,3
1623532541.383197,172.10.0.2:57436,,,5,3
1623532541.419580,172.10.0.2:57436,,,5,3
1623532541.456137,172.10.0.2:57436,,,5,3
1623532541.492934,172.10.0.2:57436,,,5,3
1623532541.529028,172.10.0.2:57436,,,6,3
1623532541.567326,172.10.0.2:57436,,,6,3
1623532541.604432,172.10.0.2:57436,,,6,3
1623532541.641058,172.10.0.2:57436,,,5,3
1623532541.679244,172.10.0.2:57436,,,5,3
1623532541.715828,172.10.0.2:57436,,,5,3
1623532541.752328,172.10.0.2:57436,,,4,3
1623532541.787670,172.10.0.2:57436,,,5,3
1623532541.824398,172.10.0.2:57436,,,5,3
1623532541.860987,172.10.0.2:57436,,,5,3
1623532541.897156,172.10.0.2:57436,,,6,3
1623532541.936071,172.10.0.2:57436,,,6,3
1623532541.971912,172.10.0.2:57436,,,6,3
1623532542.007394,172.10.0.2:57436,,,5,3
1623532542.046306,172.10.0.2:57436,,,5,3
1623532542.082668,172.10.0.2:57436,,,5,3
1623532542.119758,172.10.0.2:57436,,,4,3
1623532542.156067,172.10.0.2:57436,,,5,3
1623532542.194726,172.10.0.2:57436,,,5,3
1623532542.231177,172.10.0.2:57436,,,5,3
1623532542.267387,172.10.0.2:57436,,,5,3
1623532542.302621,172.10.0.2:57436,,,6,3
1623532542.340091,172.10.0.2:57436,,,6,3
1623532542.377043,172.10.0.2:57436,,,6,3
1623532542.413870,172.10.0.2:57436,,,6,3
1623532542.450268,172.10.0.2:57436,,,5,3
1623532542.486739,172.10.0.2:57436,,,5,3
1623532542.524201,172.10.0.2:57436,,,4,3
1623532542.559451,172.10.0.2:57436,,,5,3
1623532542.597404,172.10.0.2:57436,,,5,3
1623532542.633367,172.10.0.2:57436,,,5,3
1623532542.669971,172.10.0.2:57436,,,6,3
1623532542.708023,172.10.0.2:57436,,,6,3
1623532542.743851,172.10.0.2:57436,,,6,3
1623532542.779870,172.10.0.2:57436,,,6,3
1623532542.815725,172.10.0.2:57436,,,5,3
1623532542.854124,172.10.0.2:57436,,,5,3
1623532542.891338,172.10.0.2:57436,,,4,3
1623532542.932381,172.10.0.2:57436,,,5,3
1623532542.968417,172.10.0.2:57436,,,5,3
1623532543.005931,172.10.0.2:57436,,,5,3
1623532543.042284,172.10.0.2:57436,,,5,3
1623532543.077705,172.10.0.2:57436,,,6,3
1623532543.114869,172.10.0.2:57436,,,6,3
1623532543.151717,172.10.0.2:57436,,,6,3
1623532543.190231,172.10.0.2:57436,,,6,3
1623532543.226968,172.10.0.2:57436,,,5,3
1623532543.262032,172.10.0.2:57436,,,5,3
1623532543.298341,172.10.0.2:57436,,,4,3
1623532543.334526,172.10.0.2:57436,,,4,3
1623532543.370658,172.10.0.2:57436,,,5,3
1623532543.410652,172.10.0.2:57436,,,5,3
1623532543.447831,172.10.0.2:57436,,,5,3
1623532543.483751,172.10.0.2:57436,,,6,3
1623532543.519367,172.10.0.2:57436,,,6,3
1623532543.556155,172.10.0.2:57436,,,6,3
1623532543.594854,172.10.0.2:57436,,,5,3
1623532543.632544,172.10.0.2:57436,,,5,3
1623532543.669445,172.10.0.2:57436,,,4,3
1623532543.705005,172.10.0.2:57436,,,4,3
1623532543.741988,172.10.0.2:57436,,,5,3
1623532543.778946,172.10.0.2:57436,,,5,3
1623532543.814929,172.10.0.2:57436,,,5,3
1623532543.850941,172.10.0.2:57436,,,6,3
1623532543.886624,172.10.0.2:57436,,,6,3
1623532543.928024,172.10.0.2:57436,,,6,3
1623532543.965249,172.10.0.2:57436,,,5,3
1623532544.001487,172.10.0.2:57436,,,5,3
1623532544.037775,172.10.0.2:57436,,,4,3
1623532544.074515,172.10.0.2:57436,,,5,3
1623532544.111611,172.10.0.2:57436,,,5,3
1623532544.149113,172.10.0.2:57436,,,5,3
1623532544.185325,172.10.0.2:57436,,,5,3
1623532544.221440,172.10.0.2:57436,,,5,3
1623532544.258578,172.10.0.2:57436,,,6,3
1623532544.294922,172.10.0.2:57436,,,6,3
1623532544.331177,172.10.0.2:57436,,,6,3
1623532544.369500,172.10.0.2:57436,,,5,3
1623532544.404170,172.10.0.2:57436,,,5,3
1623532544.442680,172.10.0.2:57436,,,5,3
1623532544.479106,172.10.0.2:57436,,,4,3
1623532544.516299,172.10.0.2:57436,,,5,3
1623532544.553150,172.10.0.2:57436,,,5,3
1623532544.589426,172.10.0.2:57436,,,5,3
1623532544.628065,172.10.0.2:57436,,,6,3
1623532544.664166,172.10.0.2:57436,,,6,3
1623532544.699992,172.10.0.2:57436,,,6,3
1623532544.735968,172.10.0.2:57436,,,5,3
1623532544.775067,172.10.0.2:57436,,,5,3
1623532544.811622,172.10.0.2:57436,,,4,3
1623532544.849023,172.10.0.2:57436,,,4,3
1623532544.886901,172.10.0.2:57436,,,5,3
1623532544.926779,172.10.0.2:57436,,,5,3
1623532544.963106,172.10.0.2:57436,,,5,3
1623532545.001223,172.10.0.2:57436,,,5,3
1623532545.036991,172.10.0.2:57436,,,6,3
1623532545.072214,172.10.0.2:57436,,,6,3
1623532545.117635,172.10.0.2:57436,,,6,3
1623532545.166508,172.10.0.2:57436,,,5,3
1623532545.202626,172.10.0.2:57436,,,5,3
1623532545.238619,172.10.0.2:57436,,,4,3
1623532545.274178,172.10.0.2:57436,,,4,3
1623532545.310887,172.10.0.2:57436,,,5,3
1623532545.349558,172.10.0.2:57436,,,5,3
1623532545.385587,172.10.0.2:57436,,,5,3
1623532545.421768,172.10.0.2:57436,,,6,3
1623532545.460060,172.10.0.2:57436,,,6,3
1623532545.496101,172.10.0.2:57436,,,6,3
1623532545.533799,172.10.0.2:57436,,,5,3
1623532545.569673,172.10.0.2:57436,,,5,3
1623532545.604714,172.10.0.2:57436,,,4,3
1623532545.642995,172.10.0.2:57436,,,4,3
1623532545.681150,172.10.0.2:57436,,,5,3
1623532545.717905,172.10.0.2:57436,,,5,3
1623532545.754806,172.10.0.2:57436,,,5,3
1623532545.792460,172.10.0.2:57436,,,5,3
1623532545.829400,172.10.0.2:57436,,,6,3
1623532545.865720,172.10.0.2:57436,,,6,3
1623532545.902292,172.10.0.2:57436,,,6,3
1623532545.941812,172.10.0.2:57436,,,5,3
1623532545.979086,172.10.0.2:57436,,,5,3
1623532546.015221,172.10.0.2:57436,,,5,3
1623532546.053031,172.10.0.2:57436,,,4,3
1623532546.089597,172.10.0.2:57436,,,5,3
1623532546.126862,172.10.0.2:57436,,,5,3
1623532546.166330,172.10.0.2:57436,,,5,3
1623532546.202558,172.10.0.2:57436,,,6,3
1623532546.238012,172.10.0.2:57436,,,6,3
1623532546.275246,172.10.0.2:57436,,,6,3
1623532546.311354,172.10.0.2:57436,,,5,3
1623532546.347964,172.10.0.2:57436,,,5,3
1623532546.384849,172.10.0.2:57436,,,4,3
1623532546.420974,172.10.0.2:57436,,,4,3
1623532546.457671,172.10.0.2:57436,,,5,3
1623532546.495971,172.10.0.2:57436,,,5,3
1623532546.534902,172.10.0.2:57436,,,5,3
1623532546.571468,172.10.0.2:57436,,,6,3
1623532546.607555,172.10.0.2:57436,,,6,3
1623532546.643561,172.10.0.2:57436,,,6,3
1623532546.683025,172.10.0.2:57436,,,5,3
1623532546.719708,172.10.0.2:57436,,,5,3
1623532546.755864,172.10.0.2:57436,,,4,3
1623532546.791831,172.10.0.2:57436,,,4,3
1623532546.828379,172.10.0.2:57436,,,5,3
1623532546.865670,172.10.0.2:57436,,,5,3
1623532546.900873,172.10.0.2:57436,,,5,3
1623532546.939791,172.10.0.2:57436,,,5,3
1623532546.976559,172.10.0.2:57436,,,6,3
1623532547.014837,172.10.0.2:57436,,,6,3
1623532547.051353,172.10.0.2:57436,,,6,3
1623532547.087735,172.10.0.2:57436,,,5,3
1623532547.123916,172.10.0.2:57436,,,5,3
1623532547.161106,172.10.0.2:57436,,,5,3
1623532547.198716,172.10.0.2:57436,,,4,3
1623532547.234633,172.10.0.2:57436,,,5,3
1623532547.270857,172.10.0.2:57436,,,5,3
1623532547.307975,172.10.0.2:57436,,,5,3
1623532547.344134,172.10.0.2:57436,,,6,3
1623532547.381007,172.10.0.2:57436,,,6,3
1623532547.417828,172.10.0.2:57436,,,6,3
1623532547.456038,172.10.0.2:57436,,,5,3
1623532547.492453,172.10.0.2:57436,,,5,3
1623532547.529893,172.10.0.2:57436,,,5,3
1623532547.565217,172.10.0.2:57436,,,4,3
1623532547.601846,172.10.0.2:57436,,,5,3
1623532547.639311,172.10.0.2:57436,,,5,3
1623532547.674620,172.10.0.2:57436,,,5,3
1623532547.711954,172.10.0.2:57436,,,5,3
1623532547.747789,172.10.0.2:57436,,,6,3
1623532547.783228,172.10.0.2:57436,,,6,3
1623532547.820587,172.10.0.2:57436,,,6,3
1623532547.857945,172.10.0.2:57436,,,6,3
1623532547.894386,172.10.0.2:57436,,,5,3
1623532547.934684,172.10.0.2:57436,,,5,3
1623532547.972315,172.10.0.2:57436,,,4,3
1623532548.009096,172.10.0.2:57436,,,5,3
1623532548.046966,172.10.0.2:57436,,,5,3
1623532548.086161,172.10.0.2:57436,,,5,3
1623532548.122688,172.10.0.2:57436,,,6,3
1623532548.161208,172.10.0.2:57436,,,6,3
1623532548.196657,172.10.0.2:57436,,,6,3
1623532548.234046,172.10.0.2:57436,,,6,3
1623532548.270808,172.10.0.2:57436,,,5,3
1623532548.308238,172.10.0.2:57436,,,5,3
1623532548.344135,172.10.0.2:57436,,,4,3
1623532548.380464,172.10.0.2:57436,,,5,3
1623532548.417274,172.10.0.2:57436,,,5,3
1623532548.453851,172.10.0.2:57436,,,5,3
1623532548.492824,172.10.0.2:57436,,,5,3
1623532548.530318,172.10.0.2:57436,,,6,3
1623532548.566811,172.10.0.2:57436,,,6,3
1623532548.603955,172.10.0.2:57436,,,6,3
1623532548.642498,172.10.0.2:57436,,,6,3
1623532548.678714,172.10.0.2:57436,,,5,3
1623532548.716463,172.10.0.2:57436,,,5,3
1623532548.752632,172.10.0.2:57436,,,4,3
1623532548.789015,172.10.0.2:57436,,,4,3
1623532548.826421,172.10.0.2:57436,,,5,3
1623532548.862892,172.10.0.2:57436,,,5,3
1623532548.908803,172.10.0.2:57436,,,5,3
1623532548.946344,172.10.0.2:57436,,,6,3
1623532548.983532,172.10.0.2:57436,,,6,3
1623532549.021217,172.10.0.2:57436,,,6,3
1623532549.060780,172.10.0.2:57436,,,5,3
1623532549.097325,172.10.0.2:57436,,,5,3
1623532549.133429,172.10.0.2:57436,,,4,3
1623532549.171248,172.10.0.2:57436,,,5,3
1623532549.207139,172.10.0.2:57436,,,5,3
1623532549.243670,172.10.0.2:57436,,,5,3
1623532549.288388,172.10.0.2:57436,,,6,3
1623532549.324599,172.10.0.2:57436,,,6,3
1623532549.359890,172.10.0.2:57436,,,6,3
1623532549.397971,172.10.0.2:57436,,,5,3
1623532549.434762,172.10.0.2:57436,,,5,3
1623532549.471905,172.10.0.2:57436,,,5,3
1623532549.522964,172.10.0.2:57436,,,4,3
1623532549.559607,172.10.0.2:57436,,,5,3
1623532549.596844,172.10.0.2:57436,,,5,3
1623532549.632755,172.10.0.2:57436,,,5,3
1623532549.668805,172.10.0.2:57436,,,5,3
1623532549.706727,172.10.0.2:57436,,,6,3
1623532549.742661,172.10.0.2:57436,,,6,3
1623532549.781259,172.10.0.2:57436,,,6,3
1623532549.817871,172.10.0.2:57436,,,5,3
1623532549.856141,172.10.0.2:57436,,,5,3
1623532549.895132,172.10.0.2:57436,,,5,3
1623532549.938545,172.10.0.2:57436,,,4,3
1623532549.976230,172.10.0.2:57436,,,5,3
1623532550.016240,172.10.0.2:57436,,,5,3
1623532550.053535,172.10.0.2:57436,,,6,3
1623532550.092325,172.10.0.2:57436,,,6,3
1623532550.132008,172.10.0.2:57436,,,6,3
1623532550.171648,172.10.0.2:57436,,,6,3
1623532550.210118,172.10.0.2:57436,,,5,3
1623532550.248803,172.10.0.2:57436,,,5,3
1623532550.287679,172.10.0.2:57436,,,4,3
1623532550.334657,172.10.0.2:57436,,,5,3
1623532550.372352,172.10.0.2:57436,,,5,3
1623532550.410451,172.10.0.2:57436,,,5,3
1623532550.447502,172.10.0.2:57436,,,5,3
1623532550.488496,172.10.0.2:57436,,,6,3
1623532550.528442,172.10.0.2:57436,,,6,3
1623532550.565878,172.10.0.2:57436,,,6,3
1623532550.603537,172.10.0.2:57436,,,5,3
1623532550.643149,172.10.0.2:57436,,,5,3
1623532550.682219,172.10.0.2:57436,,,5,3
1623532550.718730,172.10.0.2:57436,,,4,3
1623532550.756054,172.10.0.2:57436,,,5,3
1623532550.795556,172.10.0.2:57436,,,5,3
1623532550.831585,172.10.0.2:57436,,,5,3
1623532550.870982,172.10.0.2:57436,,,6,3
1623532550.913074,172.10.0.2:57436,,,6,3
1623532550.949979,172.10.0.2:57436,,,6,3
1623532550.989214,172.10.0.2:57436,,,5,3
1623532551.027093,172.10.0.2:57436,,,5,3
1623532551.063529,172.10.0.2:57436,,,4,3
1623532551.100067,172.10.0.2:57436,,,5,3
1623532551.138272,172.10.0.2:57436,,,5,3
1623532551.175965,172.10.0.2:57436,,,5,3
1623532551.212953,172.10.0.2:57436,,,5,3
1623532551.249748,172.10.0.2:57436,,,5,3
1623532551.287019,172.10.0.2:57436,,,6,3
1623532551.326563,172.10.0.2:57436,,,6,3
1623532551.362898,172.10.0.2:57436,,,6,3
1623532551.401561,172.10.0.2:57436,,,5,3
1623532551.441468,172.10.0.2:57436,,,5,3
1623532551.479176,172.10.0.2:57436,,,4,3
1623532551.516026,172.10.0.2:57436,,,4,3
1623532551.556060,172.10.0.2:57436,,,5,3
1623532551.596179,172.10.0.2:57436,,,5,3
1623532551.632956,172.10.0.2:57436,,,6,3
1623532551.670226,172.10.0.2:57436,,,6,3
1623532551.709091,172.10.0.2:57436,,,6,3
1623532551.746900,172.10.0.2:57436,,,6,3
1623532551.785502,172.10.0.2:57436,,,5,3
1623532551.823552,172.10.0.2:57436,,,5,3
1623532551.861675,172.10.0.2:57436,,,4,3
1623532551.900232,172.10.0.2:57436,,,5,3
1623532551.941586,172.10.0.2:57436,,,5,3
1623532551.980485,172.10.0.2:57436,,,5,3
1623532552.017415,172.10.0.2:57436,,,6,3
1623532552.056389,172.10.0.2:57436,,,6,3
1623532552.094410,172.10.0.2:57436,,,6,3
1623532552.131376,172.10.0.2:57436,,,5,3
1623532552.169298,172.10.0.2:57436,,,5,3
1623532552.206438,172.10.0.2:57436,,,4,3
1623532552.245111,172.10.0.2:57436,,,4,3
1623532552.282734,172.10.0.2:57436,,,5,3
1623532552.319092,172.10.0.2:57436,,,5,3
1623532552.357608,172.10.0.2:57436,,,5,3
1623532552.396308,172.10.0.2:57436,,,5,3
1623532552.435572,172.10.0.2:57436,,,6,3
1623532552.473137,172.10.0.2:57436,,,6,3
1623532552.510433,172.10.0.2:57436,,,6,3
1623532552.548641,172.10.0.2:57436,,,5,3
1623532552.585406,172.10.0.2:57436,,,5,3
1623532552.623729,172.10.0.2:57436,,,4,3
1623532552.662386,172.10.0.2:57436,,,4,3
1623532552.699102,172.10.0.2:57436,,,5,3
1623532552.737025,172.10.0.2:57436,,,5,3
1623532552.775423,172.10.0.2:57436,,,5,3
1623532552.815436,172.10.0.2:57436,,,6,3
1623532552.852625,172.10.0.2:57436,,,6,3
1623532552.889983,172.10.0.2:57436,,,6,3
1623532552.931552,172.10.0.2:57436,,,5,3
1623532552.969410,172.10.0.2:57436,,,5,3
1623532553.008906,172.10.0.2:57436,,,4,3
1623532553.045264,172.10.0.2:57436,,,5,3
1623532553.082303,172.10.0.2:57436,,,5,3
1623532553.120412,172.10.0.2:57436,,,5,3
1623532553.158753,172.10.0.2:57436,,,5,3
1623532553.195899,172.10.0.2:57436,,,6,3
1623532553.233323,172.10.0.2:57436,,,6,3
1623532553.270736,172.10.0.2:57436,,,6,3
1623532553.308397,172.10.0.2:57436,,,6,3
1623532553.347900,172.10.0.2:57436,,,5,3
1623532553.385707,172.10.0.2:57436,,,5,3
1623532553.423553,172.10.0.2:57436,,,4,3
1623532553.462305,172.10.0.2:57436,,,5,3
1623532553.500677,172.10.0.2:57436,,,5,3
1623532553.540192,172.10.0.2:57436,,,5,3
1623532553.576733,172.10.0.2:57436,,,6,3
1623532553.613097,172.10.0.2:57436,,,6,3
1623532553.650993,172.10.0.2:57436,,,6,3
1623532553.691013,172.10.0.2:57436,,,5,3
1623532553.728242,172.10.0.2:57436,,,5,3
1623532553.765390,172.10.0.2:57436,,,5,3
1623532553.802364,172.10.0.2:57436,,,4,3
1623532553.840238,172.10.0.2:57436,,,5,3
1623532553.879858,172.10.0.2:57436,,,5,3
1623532553.920953,172.10.0.2:57436,,,5,3
1623532553.958695,172.10.0.2:57436,,,5,3
1623532553.996348,172.10.0.2:57436,,,6,3
1623532554.033270,172.10.0.2:57436,,,6,3
1623532554.072419,172.10.0.2:57436,,,6,3
1623532554.109083,172.10.0.2:57436,,,6,3
1623532554.146015,172.10.0.2:57436,,,5,3
1623532554.184116,172.10.0.2:57436,,,5,3
1623532554.222151,172.10.0.2:57436,,,4,3
1623532554.260403,172.10.0.2:57436,,,5,3
1623532554.297748,172.10.0.2:57436,,,5,3
1623532554.335317,172.10.0.2:57436,,,5,3
1623532554.375798,172.10.0.2:57436,,,6,3
1623532554.414047,172.10.0.2:57436,,,6,3
1623532554.451838,172.10.0.2:57436,,,6,3
1623532554.490091,172.10.0.2:57436,,,5,3
1623532554.528087,172.10.0.2:57436,,,5,3
1623532554.568883,172.10.0.2:57436,,,4,3
1623532554.606213,172.10.0.2:57436,,,4,3
1623532554.645072,172.10.0.2:57436,,,5,3
1623532554.682621,172.10.0.2:57436,,,5,3
1623532554.723578,172.10.0.2:57436,,,6,3
1623532554.762111,172.10.0.2:57436,,,6,3
1623532554.800593,172.10.0.2:57436,,,6,3
1623532554.840360,172.10.0.2:57436,,,5,3
1623532554.878417,172.10.0.2:57436,,,5,3
1623532554.921292,172.10.0.2:57436,,,5,3
1623532554.959867,172.10.0.2:57436,,,4,3
1623532554.997824,172.10.0.2:57436,,,5,3
1623532555.036759,172.10.0.2:57436,,,5,3
1623532555.075882,172.10.0.2:57436,,,5,3
1623532555.115362,172.10.0.2:57436,,,5,3
1623532555.152629,172.10.0.2:57436,,,6,3
1623532555.192876,172.10.0.2:57436,,,6,3
1623532555.230492,172.10.0.2:57436,,,6,3
1623532555.268752,172.10.0.2:57436,,,5,3
1623532555.305766,172.10.0.2:57436,,,5,3
1623532555.343423,172.10.0.2:57436,,,5,3
1623532555.380401,172.10.0.2:57436,,,4,3
1623532555.420972,172.10.0.2:57436,,,5,3
1623532555.458745,172.10.0.2:57436,,,5,3
1623532555.496663,172.10.0.2:57436,,,5,3
1623532555.533207,172.10.0.2:57436,,,6,3
1623532555.571499,172.10.0.2:57436,,,6,3
1623532555.611201,172.10.0.2:57436,,,6,3
1623532555.648458,172.10.0.2:57436,,,5,3
1623532555.685878,172.10.0.2:57436,,,5,3
1623532555.723939,172.10.0.2:57436,,,4,3
1623532555.773774,172.10.0.2:57436,,,5,3
1623532555.812230,172.10.0.2:57436,,,5,3
1623532555.850106,172.10.0.2:57436,,,5,3
1623532555.890556,172.10.0.2:57436,,,5,3
1623532555.931801,172.10.0.2:57436,,,6,3
1623532555.971922,172.10.0.2:57436,,,6,3
1623532556.011638,172.10.0.2:57436,,,6,3
1623532556.050713,172.10.0.2:57436,,,5,3
1623532556.088649,172.10.0.2:57436,,,5,3
1623532556.125580,172.10.0.2:57436,,,5,3
1623532556.164673,172.10.0.2:57436,,,4,3
1623532556.203094,172.10.0.2:57436,,,5,3
1623532556.240809,172.10.0.2:57436,,,5,3
1623532556.278638,172.10.0.2:57436,,,5,3
1623532556.320823,172.10.0.2:57436,,,6,3
1623532556.359844,172.10.0.2:57436,,,6,3
1623532556.397886,172.10.0.2:57436,,,6,3
1623532556.435858,172.10.0.2:57436,,,5,3
1623532556.474404,172.10.0.2:57436,,,5,3
1623532556.515301,172.10.0.2:57436,,,4,3
1623532556.552936,172.10.0.2:57436,,,5,3
1623532556.590614,172.10.0.2:57436,,,5,3
1623532556.628073,172.10.0.2:57436,,,5,3
1623532556.666416,172.10.0.2:57436,,,5,3
1623532556.704780,172.10.0.2:57436,,,5,3
1623532556.742371,172.10.0.2:57436,,,6,3
1623532556.779585,172.10.0.2:57436,,,6,3
1623532556.817609,172.10.0.2:57436,,,6,3
1623532556.857628,172.10.0.2:57436,,,5,3
1623532556.895255,172.10.0.2:57436,,,5,3
1623532556.936579,172.10.0.2:57436,,,4,3
1623532556.974613,172.10.0.2:57436,,,5,3
1623532557.011990,172.10.0.2:57436,,,5,3
1623532557.052045,172.10.0.2:57436,,,5,3
1623532557.090216,172.10.0.2:57436,,,6,3
1623532557.128923,172.10.0.2:57436,,,6,3
1623532557.166158,172.10.0.2:57436,,,6,3
1623532557.202284,172.10.0.2:57436,,,5,3
1623532557.242658,172.10.0.2:57436,,,5,3
1623532557.281299,172.10.0.2:57436,,,5,3
1623532557.319585,172.10.0.2:57436,,,4,3
1623532557.357410,172.10.0.2:57436,,,5,3
1623532557.395504,172.10.0.2:57436,,,5,3
1623532557.435955,172.10.0.2:57436,,,5,3
1623532557.474506,172.10.0.2:57436,,,6,3
1623532557.513336,172.10.0.2:57436,,,6,3
1623532557.551007,172.10.0.2:57436,,,6,3
1623532557.591154,172.10.0.2:57436,,,5,3
1623532557.630715,172.10.0.2:57436,,,5,3
1623532557.671276,172.10.0.2:57436,,,4,3
1623532557.710675,172.10.0.2:57436,,,5,3
1623532557.748041,172.10.0.2:57436,,,5,3
1623532557.786200,172.10.0.2:57436,,,5,3
1623532557.826277,172.10.0.2:57436,,,5,3
1623532557.863518,172.10.0.2:57436,,,6,3
1623532557.902654,172.10.0.2:57436,,,6,3
1623532557.942720,172.10.0.2:57436,,,6,3
1623532557.983324,172.10.0.2:57436,,,6,3
1623532558.021660,172.10.0.2:57436,,,5,3
1623532558.059990,172.10.0.2:57436,,,5,3
1623532558.099808,172.10.0.2:57436,,,4,3
1623532558.139089,172.10.0.2:57436,,,5,3
1623532558.176664,172.10.0.2:57436,,,5,3
1623532558.215176,172.10.0.2:57436,,,5,3
1623532558.253130,172.10.0.2:57436,,,6,3
1623532558.294602,172.10.0.2:57436,,,6,3
1623532558.333138,172.10.0.2:57436,,,6,3
1623532558.371456,172.10.0.2:57436,,,5,3
1623532558.408683,172.10.0.2:57436,,,5,3
1623532558.447915,172.10.0.2:57436,,,4,3
1623532558.488413,172.10.0.2:57436,,,5,3
1623532558.530736,172.10.0.2:57436,,,5,3
1623532558.568697,172.10.0.2:57436,,,5,3
1623532558.613055,172.10.0.2:57436,,,5,3
1623532558.651781,172.10.0.2:57436,,,6,3
1623532558.689415,172.10.0.2:57436,,,6,3
1623532558.725422,172.10.0.2:57436,,,6,3
1623532558.763314,172.10.0.2:57436,,,6,3
1623532558.801572,172.10.0.2:57436,,,5,3
1623532558.838378,172.10.0.2:57436,,,5,3
1623532558.874905,172.10.0.2:57436,,,4,3
1623532558.916828,172.10.0.2:57436,,,5,3
1623532558.955647,172.10.0.2:57436,,,5,3
1623532558.993030,172.10.0.2:57436,,,5,3
1623532559.032783,172.10.0.2:57436,,,6,3
1623532559.069734,172.10.0.2:57436,,,6,3
1623532559.108031,172.10.0.2:57436,,,6,3
1623532559.145003,172.10.0.2:57436,,,5,3
1623532559.183361,172.10.0.2:57436,,,5,3
1623532559.220042,172.10.0.2:57436,,,5,3
1623532559.257657,172.10.0.2:57436,,,4,3
1623532559.296419,172.10.0.2:57436,,,5,3
1623532559.332690,172.10.0.2:57436,,,5,3
1623532559.371034,172.10.0.2:57436,,,5,3
1623532559.408044,172.10.0.2:57436,,,5,3
1623532559.445171,172.10.0.2:57436,,,6,3
1623532559.483407,172.10.0.2:57436,,,6,3
1623532559.519521,172.10.0.2:57436,,,6,3
1623532559.557427,172.10.0.2:57436,,,6,3
1623532559.594698,172.10.0.2:57436,,,5,3
1623532559.632993,172.10.0.2:57436,,,5,3
1623532559.669096,172.10.0.2:57436,,,4,3
1623532559.706569,172.10.0.2:57436,,,5,3
1623532559.743038,172.10.0.2:57436,,,5,3
1623532559.780455,172.10.0.2:57436,,,5,3
1623532559.816725,172.10.0.2:57436,,,6,3
1623532559.852063,172.10.0.2:57436,,,6,3
1623532559.890265,172.10.0.2:57436,,,6,3
1623532559.932545,172.10.0.2:57436,,,5,3
1623532559.969646,172.10.0.2:57436,,,5,3
1623532560.006518,172.10.0.2:57436,,,5,3
1623532560.047958,172.10.0.2:57436,,,4,3
1623532560.084642,172.10.0.2:57436,,,5,3
1623532560.121206,172.10.0.2:57436,,,5,3
1623532560.157460,172.10.0.2:57436,,,5,3
1623532560.193878,172.10.0.2:57436,,,6,3
1623532560.233431,172.10.0.2:57436,,,6,3
1623532560.269687,172.10.0.2:57436,,,6,3
1623532560.306057,172.10.0.2:57436,,,5,3
1623532560.342271,172.10.0.2:57436,,,5,3
1623532560.379810,172.10.0.2:57436,,,4,3
1623532560.418033,172.10.0.2:57436,,,4,3
1623532560.455043,172.10.0.2:57436,,,5,3
1623532560.493795,172.10.0.2:57436,,,5,3
1623532560.530688,172.10.0.2:57436,,,5,3
1623532560.567468,172.10.0.2:57436,,,5,3
1623532560.603896,172.10.0.2:57436,,,6,3
1623532560.641834,172.10.0.2:57436,,,6,3
1623532560.679742,172.10.0.2:57436,,,6,3
1623532560.716953,172.10.0.2:57436,,,5,3
1623532560.754538,172.10.0.2:57436,,,5,3
1623532560.791789,172.10.0.2:57436,,,5,3
1623532560.830738,172.10.0.2:57436,,,4,3
1623532560.866794,172.10.0.2:57436,,,5,3
1623532560.902410,172.10.0.2:57436,,,5,3
1623532560.942367,172.10.0.2:57436,,,5,3
1623532560.979643,172.10.0.2:57436,,,6,3
1623532561.017839,172.10.0.2:57436,,,6,3
1623532561.054580,172.10.0.2:57436,,,6,3
1623532561.092430,172.10.0.2:57436,,,5,3
1623532561.128472,172.10.0.2:57436,,,5,3
1623532561.165447,172.10.0.2:57436,,,4,3
1623532561.203020,172.10.0.2:57436,,,4,3
1623532561.239278,172.10.0.2:57436,,,5,3
1623532561.277195,172.10.0.2:57436,,,5,3
1623532561.315073,172.10.0.2:57436,,,5,3
1623532561.350878,172.10.0.2:57436,,,5,3
1623532561.386567,172.10.0.2:57436,,,6,3
1623532561.422142,172.10.0.2:57436,,,6,3
1623532561.459649,172.10.0.2:57436,,,6,3
1623532561.498273,172.10.0.2:57436,,,6,3
1623532561.534798,172.10.0.2:57436,,,5,3
1623532561.571510,172.10.0.2:57436,,,5,3
1623532561.610022,172.10.0.2:57436,,,4,3
1623532561.646743,172.10.0.2:57436,,,5,3
1623532561.685143,172.10.0.2:57436,,,5,3
1623532561.722507,172.10.0.2:57436,,,5,3
1623532561.759820,172.10.0.2:57436,,,6,3
1623532561.796745,172.10.0.2:57436,,,6,3
1623532561.834652,172.10.0.2:57436,,,6,3
1623532561.871567,172.10.0.2:57436,,,5,3
1623532561.913917,172.10.0.2:57436,,,5,3
1623532561.952355,172.10.0.2:57436,,,4,3
1623532561.990045,172.10.0.2:57436,,,4,3
1623532562.028495,172.10.0.2:57436,,,5,3
1623532562.066147,172.10.0.2:57436,,,5,3
1623532562.103799,172.10.0.2:57436,,,5,3
1623532562.142700,172.10.0.2:57436,,,5,3
1623532562.179236,172.10.0.2:57436,,,6,3
1623532562.215757,172.10.0.2:57436,,,6,3
1623532562.252842,172.10.0.2:57436,,,6,3
1623532562.291820,172.10.0.2:57436,,,5,3
1623532562.328328,172.10.0.2:57436,,,5,3
1623532562.364850,172.10.0.2:57436,,,5,3
1623532562.403179,172.10.0.2:57436,,,4,3
1623532562.439604,172.10.0.2:57436,,,5,3
1623532562.475048,172.10.0.2:57436,,,5,3
1623532562.511162,172.10.0.2:57436,,,5,3
1623532562.547320,172.10.0.2:57436,,,6,3
1623532562.585069,172.10.0.2:57436,,,6,3
1623532562.620712,172.10.0.2:57436,,,6,3
1623532562.657770,172.10.0.2:57436,,,5,3
1623532562.694840,172.10.0.2:57436,,,5,3
1623532562.732454,172.10.0.2:57436,,,5,3
1623532562.768639,172.10.0.2:57436,,,4,3
1623532562.806059,172.10.0.2:57436,,,5,3
1623532562.842551,172.10.0.2:57436,,,5,3
1623532562.878502,172.10.0.2:57436,,,5,3
1623532562.921659,172.10.0.2:57436,,,6,3
1623532562.957946,172.10.0.2:57436,,,6,3
1623532562.995499,172.10.0.2:57436,,,6,3
1623532563.033150,172.10.0.2:57436,,,5,3
1623532563.069507,172.10.0.2:57436,,,5,3
1623532563.105575,172.10.0.2:57436,,,4,3
1623532563.143086,172.10.0.2:57436,,,4,3
1623532563.181359,172.10.0.2:57436,,,5,3
1623532563.218115,172.10.0.2:57436,,,5,3
1623532563.256621,172.10.0.2:57436,,,5,3
1623532563.293928,172.10.0.2:57436,,,5,3
1623532563.331960,172.10.0.2:57436,,,6,3
1623532563.368856,172.10.0.2:57436,,,6,3
1623532563.406674,172.10.0.2:57436,,,6,3
1623532563.444238,172.10.0.2:57436,,,5,3
1623532563.481392,172.10.0.2:57436,,,5,3
1623532563.519257,172.10.0.2:57436,,,5,3
1623532563.555603,172.10.0.2:57436,,,4,3
1623532563.594015,172.10.0.2:57436,,,5,3
1623532563.632203,172.10.0.2:57436,,,5,3
1623532563.690134,172.10.0.2:57436,,,5,3
1623532563.727266,172.10.0.2:57436,,,6,3
1623532563.766304,172.10.0.2:57436,,,6,3
1623532563.804341,172.10.0.2:57436,,,5,3
1623532563.842885,172.10.0.2:57436,,,5,3
1623532563.882460,172.10.0.2:57436,,,5,3
1623532563.924107,172.10.0.2:57436,,,4,3
1623532563.962347,172.10.0.2:57436,,,5,3
1623532564.000194,172.10.0.2:57436,,,5,3
1623532564.036808,172.10.0.2:57436,,,5,3
1623532564.078288,172.10.0.2:57436,,,5,3
1623532564.116518,172.10.0.2:57436,,,6,3
1623532564.153542,172.10.0.2:57436,,,6,3
1623532564.191329,172.10.0.2:57436,,,6,3
1623532564.230317,172.10.0.2:57436,,,5,3
1623532564.267234,172.10.0.2:57436,,,5,3
1623532564.303770,172.10.0.2:57436,,,5,3
1623532564.341135,172.10.0.2:57436,,,4,3
1623532564.378216,172.10.0.2:57436,,,5,3
1623532564.416660,172.10.0.2:57436,,,5,3
1623532564.452932,172.10.0.2:57436,,,5,3
1623532564.489966,172.10.0.2:57436,,,6,3
1623532564.528176,172.10.0.2:57436,,,6,3
1623532564.565066,172.10.0.2:57436,,,6,3
1623532564.601369,172.10.0.2:57436,,,5,3
1623532564.638245,172.10.0.2:57436,,,5,3
1623532564.674097,172.10.0.2:57436,,,4,3
1623532564.710891,172.10.0.2:57436,,,4,3
1623532564.749444,172.10.0.2:57436,,,5,3
1623532564.785899,172.10.0.2:57436,,,5,3
1623532564.823358,172.10.0.2:57436,,,5,3
1623532564.859645,172.10.0.2:57436,,,5,3
1623532564.897550,172.10.0.2:57436,,,6,3
1623532564.936735,172.10.0.2:57436,,,6,3
1623532564.973053,172.10.0.2:57436,,,6,3
1623532565.009874,172.10.0.2:57436,,,6,3
1623532565.048106,172.10.0.2:57436,,,5,3
1623532565.086493,172.10.0.2:57436,,,5,3
1623532565.122928,172.10.0.2:57436,,,4,3
1623532565.159425,172.10.0.2:57436,,,5,3
1623532565.197439,172.10.0.2:57436,,,5,3
1623532565.233916,172.10.0.2:57436,,,5,3
1623532565.270699,172.10.0.2:57436,,,6,3
1623532565.307466,172.10.0.2:57436,,,6,3
1623532565.345064,172.10.0.2:57436,,,6,3
1623532565.381518,172.10.0.2:57436,,,5,3
1623532565.418666,172.10.0.2:57436,,,5,3
1623532565.455035,172.10.0.2:57436,,,5,3
1623532565.490602,172.10.0.2:57436,,,4,3
1623532565.528437,172.10.0.2:57436,,,5,3
1623532565.563867,172.10.0.2:57436,,,5,3
1623532565.601533,172.10.0.2:57436,,,5,3
1623532565.638919,172.10.0.2:57436,,,6,3
1623532565.675093,172.10.0.2:57436,,,6,3
1623532565.711463,172.10.0.2:57436,,,6,3
1623532565.749761,172.10.0.2:57436,,,5,3
1623532565.785817,172.10.0.2:57436,,,5,3
1623532565.823059,172.10.0.2:57436,,,5,3
1623532565.858706,172.10.0.2:57436,,,4,3
1623532565.893821,172.10.0.2:57436,,,5,3
1623532565.935402,172.10.0.2:57436,,,5,3
1623532565.972179,172.10.0.2:57436,,,5,3
1623532566.009606,172.10.0.2:57436,,,5,3
1623532566.045814,172.10.0.2:57436,,,6,3
1623532566.081164,172.10.0.2:57436,,,6,3
1623532566.118497,172.10.0.2:57436,,,6,3
1623532566.156317,172.10.0.2:57436,,,6,3
1623532566.191771,172.10.0.2:57436,,,5,3
1623532566.228232,172.10.0.2:57436,,,5,3
1623532566.266121,172.10.0.2:57436,,,4,3
1623532566.303918,172.10.0.2:57436,,,5,3
1623532566.340179,172.10.0.2:57436,,,5,3
1623532566.375387,172.10.0.2:57436,,,5,3
1623532566.410188,172.10.0.2:57436,,,6,3
1623532566.448721,172.10.0.2:57436,,,6,3
1623532566.486636,172.10.0.2:57436,,,6,3
1623532566.524167,172.10.0.2:57436,,,6,3
1623532566.559386,172.10.0.2:57436,,,5,3
1623532566.595337,172.10.0.2:57436,,,5,3
1623532566.633480,172.10.0.2:57436,,,4,3
1623532566.671862,172.10.0.2:57436,,,5,3
1623532566.708758,172.10.0.2:57436,,,5,3
1623532566.746341,172.10.0.2:57436,,,5,3
1623532566.783117,172.10.0.2:57436,,,5,3
1623532566.818733,172.10.0.2:57436,,,6,3
1623532566.856498,172.10.0.2:57436,,,6,3
1623532566.892702,172.10.0.2:57436,,,6,3
1623532566.933287,172.10.0.2:57436,,,6,3
1623532566.971694,172.10.0.2:57436,,,5,3
1623532567.008460,172.10.0.2:57436,,,5,3
1623532567.046366,172.10.0.2:57436,,,4,3
1623532567.083235,172.10.0.2:57436,,,5,3
1623532567.119726,172.10.0.2:57436,,,5,3
1623532567.158318,172.10.0.2:57436,,,5,3
1623532567.195957,172.10.0.2:57436,,,6,3
1623532567.233140,172.10.0.2:57436,,,6,3
1623532567.270045,172.10.0.2:57436,,,6,3
1623532567.308630,172.10.0.2:57436,,,6,3
1623532567.345663,172.10.0.2:57436,,,5,3
1623532567.382421,172.10.0.2:57436,,,5,3
1623532567.419391,172.10.0.2:57436,,,4,3
1623532567.457141,172.10.0.2:57436,,,5,3
1623532567.495559,172.10.0.2:57436,,,5,3
1623532567.532498,172.10.0.2:57436,,,5,3
1623532567.570427,172.10.0.2:57436,,,5,3
1623532567.606165,172.10.0.2:57436,,,6,3
1623532567.644498,172.10.0.2:57436,,,6,3
1623532567.682357,172.10.0.2:57436,,,6,3
1623532567.719115,172.10.0.2:57436,,,6,3
1623532567.756506,172.10.0.2:57436,,,5,3
1623532567.795625,172.10.0.2:57436,,,5,3
1623532567.834682,172.10.0.2:57436,,,4,3
1623532567.871341,172.10.0.2:57436,,,5,3
1623532567.918782,172.10.0.2:57436,,,5,3
1623532567.969737,172.10.0.2:57436,,,5,3
1623532568.010329,172.10.0.2:57436,,,6,3
1623532568.047994,172.10.0.2:57436,,,6,3
1623532568.085500,172.10.0.2:57436,,,6,3
1623532568.123434,172.10.0.2:57436,,,5,3
1623532568.162273,172.10.0.2:57436,,,5,3
1623532568.201593,172.10.0.2:57436,,,4,3
1623532568.239826,172.10.0.2:57436,,,5,3
1623532568.278084,172.10.0.2:57436,,,5,3
1623532568.315919,172.10.0.2:57436,,,5,3
1623532568.355326,172.10.0.2:57436,,,6,3
1623532568.394449,172.10.0.2:57436,,,6,3
1623532568.431883,172.10.0.2:57436,,,6,3
1623532568.471150,172.10.0.2:57436,,,5,3
1623532568.517323,172.10.0.2:57436,,,5,3
1623532568.556677,172.10.0.2:57436,,,4,3
1623532568.593490,172.10.0.2:57436,,,4,3
1623532568.633136,172.10.0.2:57436,,,5,3
1623532568.670288,172.10.0.2:57436,,,5,3
1623532568.709438,172.10.0.2:57436,,,5,3
1623532568.748031,172.10.0.2:57436,,,5,3
1623532568.785590,172.10.0.2:57436,,,6,3
1623532568.822748,172.10.0.2:57436,,,6,3
1623532568.858993,172.10.0.2:57436,,,6,3
1623532568.899439,172.10.0.2:57436,,,5,3
1623532568.938203,172.10.0.2:57436,,,5,3
1623532568.974659,172.10.0.2:57436,,,4,3
1623532569.010672,172.10.0.2:57436,,,4,3
1623532569.047500,172.10.0.2:57436,,,5,3
1623532569.093503,172.10.0.2:57436,,,5,3
1623532569.132452,172.10.0.2:57436,,,6,3
1623532569.168724,172.10.0.2:57436,,,6,3
1623532569.206875,172.10.0.2:57436,,,6,3
1623532569.243493,172.10.0.2:57436,,,6,3
1623532569.281186,172.10.0.2:57436,,,5,3
1623532569.317584,172.10.0.2:57436,,,5,3
1623532569.354109,172.10.0.2:57436,,,4,3
1623532569.391779,172.10.0.2:57436,,,5,3
1623532569.430088,172.10.0.2:57436,,,5,3
1623532569.466890,172.10.0.2:57436,,,5,3
1623532569.503058,172.10.0.2:57436,,,5,3
1623532569.540471,172.10.0.2:57436,,,5,3
1623532569.577169,172.10.0.2:57436,,,6,3
1623532569.615036,172.10.0.2:57436,,,6,3
1623532569.651341,172.10.0.2:57436,,,6,3
1623532569.687234,172.10.0.2:57436,,,5,3
1623532569.725240,172.10.0.2:57436,,,5,3
1623532569.761472,172.10.0.2:57436,,,4,3
1623532569.798886,172.10.0.2:57436,,,4,3
1623532569.834517,172.10.0.2:57436,,,5,3
1623532569.872364,172.10.0.2:57436,,,5,3
1623532569.912674,172.10.0.2:57436,,,5,3
1623532569.949323,172.10.0.2:57436,,,6,3
1623532569.986509,172.10.0.2:57436,,,6,3
1623532570.023459,172.10.0.2:57436,,,6,3
1623532570.061846,172.10.0.2:57436,,,5,3
1623532570.097683,172.10.0.2:57436,,,5,3
1623532570.134339,172.10.0.2:57436,,,4,3
1623532570.169532,172.10.0.2:57436,,,4,3
1623532570.205932,172.10.0.2:57436,,,5,3
1623532570.242872,172.10.0.2:57436,,,5,3
1623532570.279780,172.10.0.2:57436,,,5,3
1623532570.316663,172.10.0.2:57436,,,5,3
1623532570.352720,172.10.0.2:57436,,,6,3
1623532570.389644,172.10.0.2:57436,,,6,3
1623532570.426275,172.10.0.2:57436,,,6,3
1623532570.463097,172.10.0.2:57436,,,6,3
1623532570.499392,172.10.0.2:57436,,,5,3
1623532570.538465,172.10.0.2:57436,,,5,3
1623532570.574553,172.10.0.2:57436,,,4,3
1623532570.610468,172.10.0.2:57436,,,5,3
1623532570.648032,172.10.0.2:57436,,,5,3
1623532570.682319,172.10.0.2:57436,,,5,3
1623532570.719721,172.10.0.2:57436,,,6,3
1623532570.756362,172.10.0.2:57436,,,6,3
1623532570.793891,172.10.0.2:57436,,,6,3
1623532570.830944,172.10.0.2:57436,,,5,3
1623532570.867240,172.10.0.2:57436,,,5,3
1623532570.908706,172.10.0.2:57436,,,5,3
1623532570.945806,172.10.0.2:57436,,,4,3
1623532570.983806,172.10.0.2:57436,,,5,3
1623532571.020353,172.10.0.2:57436,,,5,3
1623532571.059246,172.10.0.2:57436,,,5,3
1623532571.096117,172.10.0.2:57436,,,6,3
1623532571.132248,172.10.0.2:57436,,,6,3
1623532571.170440,172.10.0.2:57436,,,6,3
1623532571.208293,172.10.0.2:57436,,,5,3
1623532571.244205,172.10.0.2:57436,,,5,3
1623532571.282719,172.10.0.2:57436,,,4,3
1623532571.320013,172.10.0.2:57436,,,4,3
1623532571.356469,172.10.0.2:57436,,,5,3
1623532571.394621,172.10.0.2:57436,,,5,3
1623532571.431739,172.10.0.2:57436,,,5,3
1623532571.468121,172.10.0.2:57436,,,5,3
1623532571.506951,172.10.0.2:57436,,,6,3
1623532571.544067,172.10.0.2:57436,,,6,3
1623532571.580343,172.10.0.2:57436,,,6,3
1623532571.615841,172.10.0.2:57436,,,5,3
1623532571.650868,172.10.0.2:57436,,,5,3
1623532571.688096,172.10.0.2:57436,,,5,3
1623532571.725781,172.10.0.2:57436,,,4,3
1623532571.762562,172.10.0.2:57436,,,5,3
1623532571.798918,172.10.0.2:57436,,,5,3
1623532571.835595,172.10.0.2:57436,,,5,3
1623532571.871621,172.10.0.2:57436,,,6,3
1623532571.913755,172.10.0.2:57436,,,6,3
1623532571.949422,172.10.0.2:57436,,,6,3
1623532571.986121,172.10.0.2:57436,,,5,3
1623532572.022511,172.10.0.2:57436,,,5,3
1623532572.058341,172.10.0.2:57436,,,5,3
1623532572.096730,172.10.0.2:57436,,,4,3
1623532572.132752,172.10.0.2:57436,,,5,3
1623532572.169521,172.10.0.2:57436,,,5,3
1623532572.204992,172.10.0.2:57436,,,5,3
1623532572.241421,172.10.0.2:57436,,,5,3
1623532572.278682,172.10.0.2:57436,,,6,3
1623532572.317730,172.10.0.2:57436,,,6,3
1623532572.354605,172.10.0.2:57436,,,6,3
1623532572.390754,172.10.0.2:57436,,,6,3
1623532572.426583,172.10.0.2:57436,,,5,3
1623532572.464001,172.10.0.2:57436,,,5,3
1623532572.502326,172.10.0.2:57436,,,4,3
1623532572.539564,172.10.0.2:57436,,,5,3
1623532572.575940,172.10.0.2:57436,,,5,3
1623532572.614264,172.10.0.2:57436,,,5,3
1623532572.650947,172.10.0.2:57436,,,6,3
1623532572.687718,172.10.0.2:57436,,,6,3
1623532572.723746,172.10.0.2:57436,,,6,3
1623532572.761328,172.10.0.2:57436,,,6,3
1623532572.796892,172.10.0.2:57436,,,5,3
1623532572.833872,172.10.0.2:57436,,,5,3
1623532572.868917,172.10.0.2:57436,,,4,3
1623532572.908524,172.10.0.2:57436,,,5,3
1623532572.947096,172.10.0.2:57436,,,5,3
1623532572.983149,172.10.0.2:57436,,,5,3
1623532573.022071,172.10.0.2:57436,,,5,3
1623532573.059007,172.10.0.2:57436,,,6,3
1623532573.096662,172.10.0.2:57436,,,6,3
1623532573.133124,172.10.0.2:57436,,,6,3
1623532573.169272,172.10.0.2:57436,,,6,3
1623532573.206547,172.10.0.2:57436,,,5,3
1623532573.244709,172.10.0.2:57436,,,5,3
1623532573.281456,172.10.0.2:57436,,,4,3
1623532573.317707,172.10.0.2:57436,,,4,3
1623532573.354838,172.10.0.2:57436,,,5,3
1623532573.390324,172.10.0.2:57436,,,5,3
1623532573.427402,172.10.0.2:57436,,,5,3
1623532573.463422,172.10.0.2:57436,,,6,3
1623532573.499041,172.10.0.2:57436,,,6,3
1623532573.535649,172.10.0.2:57436,,,6,3
1623532573.571414,172.10.0.2:57436,,,5,3
1623532573.609885,172.10.0.2:57436,,,5,3
1623532573.646150,172.10.0.2:57436,,,4,3
1623532573.682034,172.10.0.2:57436,,,4,3
1623532573.719453,172.10.0.2:57436,,,5,3
1623532573.756034,172.10.0.2:57436,,,5,3
1623532573.793653,172.10.0.2:57436,,,6,3
1623532573.829527,172.10.0.2:57436,,,6,3
1623532573.865989,172.10.0.2:57436,,,6,3
1623532573.901008,172.10.0.2:57436,,,6,3
1623532573.939161,172.10.0.2:57436,,,5,3
1623532573.976432,172.10.0.2:57436,,,5,3
1623532574.011672,172.10.0.2:57436,,,4,3
1623532574.049963,172.10.0.2:57436,,,5,3
1623532574.086885,172.10.0.2:57436,,,5,3
1623532574.122560,172.10.0.2:57436,,,5,3
1623532574.160357,172.10.0.2:57436,,,5,3
1623532574.195599,172.10.0.2:57436,,,5,3
1623532574.232873,172.10.0.2:57436,,,6,3
1623532574.268468,172.10.0.2:57436,,,6,3
1623532574.303539,172.10.0.2:57436,,,6,3
1623532574.342638,172.10.0.2:57436,,,5,3
1623532574.379903,172.10.0.2:57436,,,5,3
1623532574.416165,172.10.0.2:57436,,,5,3
1623532574.452485,172.10.0.2:57436,,,4,3
1623532574.489965,172.10.0.2:57436,,,5,3
1623532574.526128,172.10.0.2:57436,,,5,3
1623532574.562972,172.10.0.2:57436,,,5,3
1623532574.598948,172.10.0.2:57436,,,6,3
1623532574.636745,172.10.0.2:57436,,,6,3
1623532574.674481,172.10.0.2:57436,,,6,3
1623532574.710924,172.10.0.2:57436,,,5,3
1623532574.748625,172.10.0.2:57436,,,5,3
1623532574.786497,172.10.0.2:57436,,,4,3
1623532574.822479,172.10.0.2:57436,,,4,3
1623532574.859365,172.10.0.2:57436,,,5,3
1623532574.898566,172.10.0.2:57436,,,5,3
1623532574.936928,172.10.0.2:57436,,,5,3
1623532574.976194,172.10.0.2:57436,,,5,3
1623532575.013475,172.10.0.2:57436,,,6,3
1623532575.051045,172.10.0.2:57436,,,6,3
1623532575.087719,172.10.0.2:57436,,,6,3
1623532575.123607,172.10.0.2:57436,,,6,3
1623532575.161335,172.10.0.2:57436,,,5,3
1623532575.196388,172.10.0.2:57436,,,5,3
1623532575.234344,172.10.0.2:57436,,,4,3
1623532575.273018,172.10.0.2:57436,,,5,3
1623532575.312171,172.10.0.2:57436,,,5,3
1623532575.350167,172.10.0.2:57436,,,5,3
1623532575.387803,172.10.0.2:57436,,,6,3
1623532575.425954,172.10.0.2:57436,,,6,3
1623532575.462920,172.10.0.2:57436,,,6,3
1623532575.501369,172.10.0.2:57436,,,5,3
1623532575.537677,172.10.0.2:57436,,,5,3
1623532575.575624,172.10.0.2:57436,,,4,3
1623532575.611602,172.10.0.2:57436,,,4,3
1623532575.647580,172.10.0.2:57436,,,5,3
1623532575.683396,172.10.0.2:57436,,,5,3
1623532575.720844,172.10.0.2:57436,,,5,3
1623532575.759329,172.10.0.2:57436,,,5,3
1623532575.796303,172.10.0.2:57436,,,6,3
1623532575.832813,172.10.0.2:57436,,,6,3
1623532575.870563,172.10.0.2:57436,,,6,3
1623532575.911507,172.10.0.2:57436,,,6,3
1623532575.948479,172.10.0.2:57436,,,5,3
1623532575.984328,172.10.0.2:57436,,,5,3
1623532576.020222,172.10.0.2:57436,,,4,3
1623532576.056785,172.10.0.2:57436,,,5,3
1623532576.096026,172.10.0.2:57436,,,5,3
1623532576.132220,172.10.0.2:57436,,,5,3
1623532576.167980,172.10.0.2:57436,,,6,3
1623532576.203786,172.10.0.2:57436,,,6,3
1623532576.239680,172.10.0.2:57436,,,6,3
1623532576.277336,172.10.0.2:57436,,,5,3
1623532576.313465,172.10.0.2:57436,,,5,3
1623532576.349156,172.10.0.2:57436,,,5,3
1623532576.385090,172.10.0.2:57436,,,4,3
1623532576.421914,172.10.0.2:57436,,,5,3
1623532576.457070,172.10.0.2:57436,,,5,3
1623532576.492504,172.10.0.2:57436,,,5,3
1623532576.528889,172.10.0.2:57436,,,6,3
1623532576.564155,172.10.0.2:57436,,,6,3
1623532576.600658,172.10.0.2:57436,,,6,3
1623532576.636293,172.10.0.2:57436,,,6,3
1623532576.671860,172.10.0.2:57436,,,5,3
1623532576.708536,172.10.0.2:57436,,,5,3
1623532576.743496,172.10.0.2:57436,,,4,3
1623532576.780613,172.10.0.2:57436,,,5,3
1623532576.815386,172.10.0.2:57436,,,5,3
1623532576.851685,172.10.0.2:57436,,,5,3
1623532576.888992,172.10.0.2:57436,,,5,3
1623532576.929232,172.10.0.2:57436,,,5,3
1623532576.964087,172.10.0.2:57436,,,6,3
1623532576.999929,172.10.0.2:57436,,,6,3
1623532577.035614,172.10.0.2:57436,,,6,3
1623532577.072859,172.10.0.2:57436,,,5,3
1623532577.110199,172.10.0.2:57436,,,5,3
1623532577.146045,172.10.0.2:57436,,,5,3
1623532577.182668,172.10.0.2:57436,,,4,3
1623532577.218589,172.10.0.2:57436,,,5,3
1623532577.255638,172.10.0.2:57436,,,5,3
1623532577.293606,172.10.0.2:57436,,,5,3
1623532577.331168,172.10.0.2:57436,,,6,3
1623532577.367160,172.10.0.2:57436,,,6,3
1623532577.403291,172.10.0.2:57436,,,6,3
1623532577.440583,172.10.0.2:57436,,,5,3
1623532577.477174,172.10.0.2:57436,,,5,3
1623532577.513432,172.10.0.2:57436,,,4,3
1623532577.551440,172.10.0.2:57436,,,4,3
1623532577.587203,172.10.0.2:57436,,,5,3
1623532577.622765,172.10.0.2:57436,,,5,3
1623532577.658164,172.10.0.2:57436,,,5,3
1623532577.693808,172.10.0.2:57436,,,5,3
1623532577.729119,172.10.0.2:57436,,,6,3
1623532577.765086,172.10.0.2:57436,,,6,3
1623532577.803060,172.10.0.2:57436,,,6,3
1623532577.838050,172.10.0.2:57436,,,6,3
1623532577.874152,172.10.0.2:57436,,,5,3
1623532577.915453,172.10.0.2:57436,,,5,3
1623532577.952143,172.10.0.2:57436,,,4,3
1623532577.988489,172.10.0.2:57436,,,5,3
1623532578.025763,172.10.0.2:57436,,,5,3
1623532578.062846,172.10.0.2:57436,,,5,3
1623532578.099165,172.10.0.2:57436,,,6,3
1623532578.136832,172.10.0.2:57436,,,6,3
1623532578.173373,172.10.0.2:57436,,,6,3
1623532578.209805,172.10.0.2:57436,,,6,3
1623532578.247913,172.10.0.2:57436,,,5,3
1623532578.283701,172.10.0.2:57436,,,5,3
1623532578.323042,172.10.0.2:57436,,,4,3
1623532578.359260,172.10.0.2:57436,,,5,3
1623532578.398866,172.10.0.2:57436,,,5,3
1623532578.436095,172.10.0.2:57436,,,5,3
1623532578.473943,172.10.0.2:57436,,,5,3
1623532578.511515,172.10.0.2:57436,,,6,3
1623532578.549202,172.10.0.2:57436,,,6,3
1623532578.587668,172.10.0.2:57436,,,6,3
1623532578.625150,172.10.0.2:57436,,,6,3
1623532578.662044,172.10.0.2:57436,,,5,3
1623532578.698300,172.10.0.2:57436,,,5,3
1623532578.735526,172.10.0.2:57436,,,4,3
1623532578.772757,172.10.0.2:57436,,,5,3
1623532578.810583,172.10.0.2:57436,,,5,3
1623532578.846903,172.10.0.2:57436,,,5,3
1623532578.884293,172.10.0.2:57436,,,6,3
1623532578.924395,172.10.0.2:57436,,,6,3
1623532578.960120,172.10.0.2:57436,,,6,3
1623532578.998309,172.10.0.2:57436,,,6,3
1623532579.034858,172.10.0.2:57436,,,5,3
1623532579.070995,172.10.0.2:57436,,,5,3
1623532579.107589,172.10.0.2:57436,,,4,3
1623532579.146295,172.10.0.2:57436,,,5,3
1623532579.182704,172.10.0.2:57436,,,5,3
1623532579.220357,172.10.0.2:57436,,,5,3
1623532579.257159,172.10.0.2:57436,,,6,3
1623532579.294055,172.10.0.2:57436,,,6,3
1623532579.332679,172.10.0.2:57436,,,6,3
1623532579.368943,172.10.0.2:57436,,,5,3
1623532579.405941,172.10.0.2:57436,,,5,3
1623532579.442881,172.10.0.2:57436,,,5,3
1623532579.482193,172.10.0.2:57436,,,4,3
1623532579.518589,172.10.0.2:57436,,,5,3
1623532579.553959,172.10.0.2:57436,,,5,3
1623532579.590119,172.10.0.2:57436,,,5,3
1623532579.626686,172.10.0.2:57436,,,5,3
1623532579.665837,172.10.0.2:57436,,,6,3
1623532579.702650,172.10.0.2:57436,,,6,3
1623532579.738662,172.10.0.2:57436,,,6,3
1623532579.774952,172.10.0.2:57436,,,6,3
1623532579.810952,172.10.0.2:57436,,,5,3
1623532579.850437,172.10.0.2:57436,,,5,3
1623532579.886969,172.10.0.2:57436,,,4,3
1623532579.928119,172.10.0.2:57436,,,5,3
1623532579.964347,172.10.0.2:57436,,,5,3
1623532580.001753,172.10.0.2:57436,,,5,3
1623532580.039103,172.10.0.2:57436,,,6,3
1623532580.074757,172.10.0.2:57436,,,6,3
1623532580.110541,172.10.0.2:57436,,,6,3
1623532580.146910,172.10.0.2:57436,,,6,3
1623532580.185341,172.10.0.2:57436,,,5,3
1623532580.221062,172.10.0.2:57436,,,5,3
1623532580.256795,172.10.0.2:57436,,,4,3
1623532580.293598,172.10.0.2:57436,,,5,3
1623532580.329583,172.10.0.2:57436,,,5,3
1623532580.366372,172.10.0.2:57436,,,5,3
1623532580.403435,172.10.0.2:57436,,,5,3
1623532580.439263,172.10.0.2:57436,,,5,3
1623532580.474802,172.10.0.2:57436,,,6,3
1623532580.512225,172.10.0.2:57436,,,6,3
1623532580.550711,172.10.0.2:57436,,,6,3
1623532580.587389,172.10.0.2:57436,,,5,3
1623532580.623744,172.10.0.2:57436,,,5,3
1623532580.659729,172.10.0.2:57436,,,4,3
1623532580.697489,172.10.0.2:57436,,,4,3
1623532580.735383,172.10.0.2:57436,,,5,3
1623532580.771152,172.10.0.2:57436,,,5,3
1623532580.806914,172.10.0.2:57436,,,5,3
1623532580.841917,172.10.0.2:57436,,,6,3
1623532580.878862,172.10.0.2:57436,,,6,3
1623532580.920228,172.10.0.2:57436,,,6,3
1623532580.956150,172.10.0.2:57436,,,5,3
1623532580.991912,172.10.0.2:57436,,,5,3
1623532581.028241,172.10.0.2:57436,,,4,3
1623532581.064829,172.10.0.2:57436,,,4,3
1623532581.102585,172.10.0.2:57436,,,5,3
1623532581.138525,172.10.0.2:57436,,,5,3
1623532581.175241,172.10.0.2:57436,,,5,3
1623532581.212250,172.10.0.2:57436,,,5,3
1623532581.249472,172.10.0.2:57436,,,6,3
1623532581.285472,172.10.0.2:57436,,,6,3
1623532581.321839,172.10.0.2:57436,,,6,3
1623532581.357841,172.10.0.2:57436,,,6,3
1623532581.395648,172.10.0.2:57436,,,5,3
1623532581.432022,172.10.0.2:57436,,,5,3
1623532581.468770,172.10.0.2:57436,,,4,3
1623532581.504818,172.10.0.2:57436,,,5,3
1623532581.544306,172.10.0.2:57436,,,5,3
1623532581.581628,172.10.0.2:57436,,,5,3
1623532581.617537,172.10.0.2:57436,,,6,3
1623532581.653653,172.10.0.2:57436,,,6,3
1623532581.690513,172.10.0.2:57436,,,6,3
1623532581.727404,172.10.0.2:57436,,,5,3
1623532581.763549,172.10.0.2:57436,,,5,3
1623532581.800238,172.10.0.2:57436,,,5,3
1623532581.835939,172.10.0.2:57436,,,4,3
1623532581.873945,172.10.0.2:57436,,,5,3
1623532581.913388,172.10.0.2:57436,,,5,3
1623532581.950913,172.10.0.2:57436,,,5,3
1623532581.986414,172.10.0.2:57436,,,6,3
1623532582.022342,172.10.0.2:57436,,,6,3
1623532582.061109,172.10.0.2:57436,,,6,3
1623532582.096786,172.10.0.2:57436,,,5,3
1623532582.132419,172.10.0.2:57436,,,5,3
1623532582.167915,172.10.0.2:57436,,,5,3
1623532582.207583,172.10.0.2:57436,,,4,3
1623532582.243700,172.10.0.2:57436,,,5,3
1623532582.281741,172.10.0.2:57436,,,5,3
1623532582.318060,172.10.0.2:57436,,,5,3
1623532582.353488,172.10.0.2:57436,,,5,3
1623532582.391588,172.10.0.2:57436,,,6,3
1623532582.429062,172.10.0.2:57436,,,6,3
1623532582.466888,172.10.0.2:57436,,,6,3
1623532582.503508,172.10.0.2:57436,,,6,3
1623532582.542595,172.10.0.2:57436,,,5,3
1623532582.580879,172.10.0.2:57436,,,5,3
1623532582.616833,172.10.0.2:57436,,,4,3
1623532582.652691,172.10.0.2:57436,,,5,3
1623532582.689024,172.10.0.2:57436,,,5,3
1623532582.726246,172.10.0.2:57436,,,5,3
1623532582.763665,172.10.0.2:57436,,,6,3
1623532582.800246,172.10.0.2:57436,,,6,3
1623532582.836038,172.10.0.2:57436,,,6,3
1623532582.870588,172.10.0.2:57436,,,6,3
1623532582.913628,172.10.0.2:57436,,,5,3
1623532582.949969,172.10.0.2:57436,,,5,3
1623532582.985646,172.10.0.2:57436,,,4,3
1623532583.024058,172.10.0.2:57436,,,5,3
1623532583.062462,172.10.0.2:57436,,,5,3
1623532583.098791,172.10.0.2:57436,,,5,3
1623532583.134719,172.10.0.2:57436,,,5,3
1623532583.170741,172.10.0.2:57436,,,6,3
1623532583.206599,172.10.0.2:57436,,,6,3
1623532583.243928,172.10.0.2:57436,,,6,3
1623532583.281461,172.10.0.2:57436,,,6,3
1623532583.317726,172.10.0.2:57436,,,5,3
1623532583.353782,172.10.0.2:57436,,,5,3
1623532583.390325,172.10.0.2:57436,,,4,3
1623532583.427558,172.10.0.2:57436,,,4,3
1623532583.465934,172.10.0.2:57436,,,5,3
1623532583.501561,172.10.0.2:57436,,,5,3
1623532583.538327,172.10.0.2:57436,,,5,3
1623532583.578201,172.10.0.2:57436,,,6,3
1623532583.614489,172.10.0.2:57436,,,6,3
1623532583.650871,172.10.0.2:57436,,,6,3
1623532583.687014,172.10.0.2:57436,,,5,3
1623532583.723670,172.10.0.2:57436,,,5,3
1623532583.760682,172.10.0.2:57436,,,4,3
1623532583.798470,172.10.0.2:57436,,,5,3
1623532583.835629,172.10.0.2:57436,,,5,3
1623532583.872078,172.10.0.2:57436,,,5,3
1623532583.914099,172.10.0.2:57436,,,5,3
1623532583.950757,172.10.0.2:57436,,,5,3
1623532583.987016,172.10.0.2:57436,,,6,3
1623532584.023709,172.10.0.2:57436,,,6,3
1623532584.062099,172.10.0.2:57436,,,6,3
1623532584.100731,172.10.0.2:57436,,,5,3
1623532584.137623,172.10.0.2:57436,,,5,3
1623532584.175852,172.10.0.2:57436,,,4,3
1623532584.212910,172.10.0.2:57436,,,4,3
1623532584.250794,172.10.0.2:57436,,,5,3
1623532584.287773,172.10.0.2:57436,,,5,3
1623532584.324907,172.10.0.2:57436,,,5,3
1623532584.363417,172.10.0.2:57436,,,6,3
1623532584.399730,172.10.0.2:57436,,,6,3
1623532584.437300,172.10.0.2:57436,,,6,3
1623532584.474184,172.10.0.2:57436,,,5,3
1623532584.512869,172.10.0.2:57436,,,5,3
1623532584.549495,172.10.0.2:57436,,,4,3
1623532584.586358,172.10.0.2:57436,,,5,3
1623532584.623641,172.10.0.2:57436,,,5,3
1623532584.661414,172.10.0.2:57436,,,5,3
1623532584.699637,172.10.0.2:57436,,,6,3
1623532584.736882,172.10.0.2:57436,,,6,3
1623532584.775184,172.10.0.2:57436,,,6,3
1623532584.812025,172.10.0.2:57436,,,6,3
1623532584.848626,172.10.0.2:57436,,,5,3
1623532584.887129,172.10.0.2:57436,,,5,3
1623532584.928764,172.10.0.2:57436,,,4,3
1623532584.966537,172.10.0.2:57436,,,5,3
1623532585.003523,172.10.0.2:57436,,,5,3
1623532585.050629,172.10.0.2:57436,,,5,3
1623532585.088106,172.10.0.2:57436,,,5,3
1623532585.125562,172.10.0.2:57436,,,6,3
1623532585.162001,172.10.0.2:57436,,,6,3
1623532585.199215,172.10.0.2:57436,,,6,3
1623532585.235667,172.10.0.2:57436,,,6,3
1623532585.273588,172.10.0.2:57436,,,5,3
1623532585.312807,172.10.0.2:57436,,,5,3
1623532585.348828,172.10.0.2:57436,,,4,3
1623532585.385976,172.10.0.2:57436,,,5,3
1623532585.424426,172.10.0.2:57436,,,5,3
1623532585.460948,172.10.0.2:57436,,,5,3
1623532585.499236,172.10.0.2:57436,,,6,3
1623532585.536294,172.10.0.2:57436,,,6,3
1623532585.574053,172.10.0.2:57436,,,6,3
1623532585.612090,172.10.0.2:57436,,,5,3
1623532585.649611,172.10.0.2:57436,,,5,3
1623532585.685446,172.10.0.2:57436,,,5,3
1623532585.722291,172.10.0.2:57436,,,4,3
1623532585.760675,172.10.0.2:57436,,,5,3
1623532585.797591,172.10.0.2:57436,,,5,3
1623532585.835468,172.10.0.2:57436,,,5,3
1623532585.872385,172.10.0.2:57436,,,5,3
1623532585.914949,172.10.0.2:57436,,,6,3
1623532585.951522,172.10.0.2:57436,,,6,3
1623532585.987052,172.10.0.2:57436,,,6,3
1623532586.025202,172.10.0.2:57436,,,6,3
1623532586.062445,172.10.0.2:57436,,,5,3
1623532586.100040,172.10.0.2:57436,,,5,3
1623532586.136783,172.10.0.2:57436,,,4,3
1623532586.174744,172.10.0.2:57436,,,5,3
1623532586.211747,172.10.0.2:57436,,,5,3
1623532586.250316,172.10.0.2:57436,,,5,3
1623532586.295459,172.10.0.2:57436,,,6,3
1623532586.385461,172.10.0.2:57436,,,6,3
1623532586.421846,172.10.0.2:57436,,,5,3
1623532586.460475,172.10.0.2:57436,,,5,3
1623532586.496224,172.10.0.2:57436,,,4,3
1623532586.533796,172.10.0.2:57436,,,5,3
1623532586.572513,172.10.0.2:57436,,,5,3
1623532586.609949,172.10.0.2:57436,,,5,3
1623532586.648175,172.10.0.2:57436,,,5,3
1623532586.684545,172.10.0.2:57436,,,6,3
1623532586.721371,172.10.0.2:57436,,,6,3
1623532586.758352,172.10.0.2:57436,,,6,3
1623532586.796290,172.10.0.2:57436,,,6,3
1623532586.831907,172.10.0.2:57436,,,5,3
1623532586.867688,172.10.0.2:57436,,,5,3
1623532586.905192,172.10.0.2:57436,,,4,3
1623532586.943921,172.10.0.2:57436,,,4,3
1623532586.981352,172.10.0.2:57436,,,5,3
1623532587.018201,172.10.0.2:57436,,,5,3
1623532587.054426,172.10.0.2:57436,,,6,3
1623532587.090136,172.10.0.2:57436,,,6,3
1623532587.142301,172.10.0.2:57436,,,6,3
1623532587.179085,172.10.0.2:57436,,,5,3
1623532587.215757,172.10.0.2:57436,,,5,3
1623532587.252407,172.10.0.2:57436,,,5,3
1623532587.289907,172.10.0.2:57436,,,4,3
1623532587.327874,172.10.0.2:57436,,,5,3
1623532587.364014,172.10.0.2:57436,,,5,3
1623532587.402086,172.10.0.2:57436,,,5,3
1623532587.438521,172.10.0.2:57436,,,6,3
1623532587.480660,172.10.0.2:57436,,,6,3
1623532587.515122,172.10.0.2:57436,,,6,3
1623532587.552242,172.10.0.2:57436,,,5,3
1623532587.588699,172.10.0.2:57436,,,5,3
1623532587.625800,172.10.0.2:57436,,,4,3
1623532587.663493,172.10.0.2:57436,,,4,3
1623532587.699488,172.10.0.2:57436,,,5,3
1623532587.735851,172.10.0.2:57436,,,5,3
1623532587.772312,172.10.0.2:57436,,,5,3
1623532587.812165,172.10.0.2:57436,,,5,3
1623532587.849342,172.10.0.2:57436,,,6,3
1623532587.886008,172.10.0.2:57436,,,6,3
1623532587.928552,172.10.0.2:57436,,,6,3
1623532587.968581,172.10.0.2:57436,,,5,3
1623532588.005790,172.10.0.2:57436,,,5,3
1623532588.041597,172.10.0.2:57436,,,5,3
1623532588.078697,172.10.0.2:57436,,,4,3
1623532588.114485,172.10.0.2:57436,,,5,3
1623532588.154180,172.10.0.2:57436,,,5,3
1623532588.190313,172.10.0.2:57436,,,5,3
1623532588.226822,172.10.0.2:57436,,,6,3
1623532588.263945,172.10.0.2:57436,,,6,3
1623532588.300622,172.10.0.2:57436,,,6,3
1623532588.340321,172.10.0.2:57436,,,5,3
1623532588.376383,172.10.0.2:57436,,,5,3
1623532588.413094,172.10.0.2:57436,,,4,3
1623532588.450116,172.10.0.2:57436,,,4,3
1623532588.488997,172.10.0.2:57436,,,5,3
1623532588.527461,172.10.0.2:57436,,,5,3
1623532588.564450,172.10.0.2:57436,,,5,3
1623532588.602010,172.10.0.2:57436,,,5,3
1623532588.637957,172.10.0.2:57436,,,6,3
1623532588.675841,172.10.0.2:57436,,,6,3
1623532588.714224,172.10.0.2:57436,,,6,3
1623532588.751503,172.10.0.2:57436,,,5,3
1623532588.788877,172.10.0.2:57436,,,5,3
1623532588.826608,172.10.0.2:57436,,,5,3
1623532588.865247,172.10.0.2:57436,,,4,3
1623532588.902043,172.10.0.2:57436,,,5,3
1623532588.940615,172.10.0.2:57436,,,5,3
1623532588.945426,172.10.0.2:57434,,,10,163
1623532588.986582,172.10.0.2:57436,,,5,3
1623532588.994210,172.10.0.2:57434,,,10,163
1623532589.039283,172.10.0.2:57434,,,10,167
